{
    "providers": [
        {
            "type": "bitmap",
            "file": "minecraft:font/player_prefix.png",
            "ascent": 7,
            "height": 7,
            "chars": [
                    "\u00B6"
                ]
        },
        {
            "type": "bitmap",
            "file": "minecraft:font/admin_prefix.png",
            "ascent": 7,
            "height": 7,
            "chars": [
                    "\u00FF"
                ]
        }
    ]
}